keyword,url
computer,https://www.youtube.com/watch?v=CxGSnA-RTsA&pp=0gcJCf8Ao7VqN5tD&t=135
computer,"https://k12cs.org/defining-computer-science/#:~:text=Remarkably%2C%20computers%20can%20even%20follow%20instructions%20about,are%20both%20the%20paint%20and%20the%20paintbrush."
computer,https://www.computerhistory.org/timeline/ai-robotics/
computer,"https://www.21kschool.com/in/blog/10-computer-characteristics-every-child-should-know/#:~:text=A%20computer%20is%20a%20broad,Supercomputers%2C%20Tablet%20computers%20and%20Servers."
computer,https://www.britannica.com/technology/computer-visualization
computer,https://www.youtube.com/watch?v=CxGSnA-RTsA&pp=0gcJCf8Ao7VqN5tD&t=301
computer,"https://www.youngwonks.com/blog/features-of-a-computer#:~:text=Computers%20showcase%20remarkable%20versatility%2C%20adapting%20to%20a,computers%20makes%20them%20indispensable%20in%20various%20fields."
computer,https://www.youtube.com/watch?v=CxGSnA-RTsA&pp=0gcJCf8Ao7VqN5tD&t=205
computer,https://www.youtube.com/watch?v=CxGSnA-RTsA&pp=0gcJCf8Ao7VqN5tD&t=519
computer,https://www.czone.com.pk/?srsltid=AfmBOoog3oB_l4UtgMcLQ2LdZiUdD3QTJgKwpmUuNAAwvSG9y2mgteXL
computer,https://www.britannica.com/technology/computer
computer,"https://www.lenovo.com/us/en/glossary/pc/#:~:text=A%20personal%20computer%20(PC)%20is,monitor%2C%20keyboard%2C%20and%20mouse."
computer,"https://www.lkouniv.ac.in/site/writereaddata/siteContent/202003271505203059anshu_singh_functional_components.pdf#:~:text=The%20common%20output%20devices%20are%20monitor%2C%20printer%2C,with%20each%20other%20through%20a%20common%20bus."
computer,https://www.youtube.com/watch?v=Cu3R5it4cQs
computer,https://www.youtube.com/watch?v=mCq8-xTH7jA&t=127
computer,https://www.techtarget.com/searchwindowsserver/definition/computer
computer,https://www.youtube.com/watch?v=Cu3R5it4cQs&t=78
computer,https://www.youtube.com/watch?v=CxGSnA-RTsA&pp=0gcJCf8Ao7VqN5tD&t=345
computer,https://www.youtube.com/watch?v=CxGSnA-RTsA&pp=0gcJCf8Ao7VqN5tD&t=158
computer,https://dictionary.cambridge.org/dictionary/english/computer
computer,https://www.youtube.com/watch?v=Cu3R5it4cQs&t=0
computer,"https://en.wikipedia.org/wiki/Computer#:~:text=A%20computer%20is%20a%20machine,computer%20network%20or%20computer%20cluster."
computer,https://www.youtube.com/watch?v=Cu3R5it4cQs&t=63
computer,https://www.youtube.com/watch?v=mCq8-xTH7jA&t=216
computer,https://www.computerhistory.org/timeline/1937/
computer,"https://edu.gcfglobal.org/en/computerbasics/getting-started-with-your-first-computer/1/#:~:text=A%20computer%20is%20more%20than,a%20Computer%20to%20learn%20how."
computer,"https://en.wikipedia.org/wiki/Computer#:~:text=A%20computer%20is%20a%20machine,a%20wide%20range%20of%20tasks."
computer,https://www.youtube.com/watch?v=CxGSnA-RTsA&pp=0gcJCf8Ao7VqN5tD
computer,https://www.youtube.com/watch?v=CxGSnA-RTsA&pp=0gcJCf8Ao7VqN5tD&t=951
computer,https://www.youtube.com/watch?v=CxGSnA-RTsA&pp=0gcJCf8Ao7VqN5tD&t=231
computer,https://www.youtube.com/watch?v=CxGSnA-RTsA&pp=0gcJCf8Ao7VqN5tD&t=30
computer,https://www.youtube.com/watch?v=CxGSnA-RTsA&pp=0gcJCf8Ao7VqN5tD&t=609
computer,https://www.youtube.com/watch?v=CxGSnA-RTsA&pp=0gcJCf8Ao7VqN5tD&t=772
computer,https://www.youtube.com/watch?v=CxGSnA-RTsA&pp=0gcJCf8Ao7VqN5tD&t=657
computer,https://nios.ac.in/media/documents/sec229new/Lesson1.pdf
computer,https://www.youtube.com/watch?v=CxGSnA-RTsA&pp=0gcJCf8Ao7VqN5tD&t=69
computer,https://www.youtube.com/watch?v=CxGSnA-RTsA&pp=0gcJCf8Ao7VqN5tD&t=398
computer,https://www.youtube.com/watch?v=mCq8-xTH7jA&t=5
computer,https://www.youtube.com/watch?v=CxGSnA-RTsA&pp=0gcJCf8Ao7VqN5tD&t=0
computer,"https://testbook.com/computer-awareness/types-of-computer#:~:text=There%20are%20four%20types%20in,%2C%20Minicomputer%2C%20and%20Micro%20Computer."
computer,https://www.youtube.com/watch?v=CxGSnA-RTsA&pp=0gcJCf8Ao7VqN5tD&t=855
computer,https://www.youtube.com/watch?v=CxGSnA-RTsA&pp=0gcJCf8Ao7VqN5tD&t=580
computer,https://www.youtube.com/watch?v=CxGSnA-RTsA&pp=0gcJCf8Ao7VqN5tD&t=903
computer,https://www.britannica.com/technology/computer/ENIAC
computer,https://www.youtube.com/watch?v=hI83ip_NejY&t=168
computer,https://www.youtube.com/watch?v=Cu3R5it4cQs&t=39
computer,https://www.britannica.com/technology/computer/The-personal-computer-revolution
computer,https://www.youtube.com/watch?v=CxGSnA-RTsA&pp=0gcJCf8Ao7VqN5tD&t=116
computer,https://www.just.edu.jo/~mqais/CIS99/PDF/Ch.01_Introduction_%20to_computers.pdf
computer,https://edu.gcfglobal.org/en/computerbasics/what-is-a-computer/1/
computer,https://josephscollege.ac.in/lms/Uploads/pdf/material/EIT_NOTES.pdf
computer,https://www.britannica.com/science/computer-science
computer,https://www.computerhistory.org/timeline/graphics-games/
computer,https://www.youtube.com/watch?v=mCq8-xTH7jA
computer,https://www.youtube.com/watch?v=mCq8-xTH7jA&t=265
computer,https://www.youtube.com/watch?v=CxGSnA-RTsA&pp=0gcJCf8Ao7VqN5tD&t=827
computer,https://www.youtube.com/watch?v=CxGSnA-RTsA&pp=0gcJCf8Ao7VqN5tD&t=811
computer,https://www.britannica.com/technology/computer/The-first-computer
computer,https://www.youtube.com/watch?v=Cu3R5it4cQs&t=108
computer,https://www.youtube.com/watch?v=CxGSnA-RTsA&pp=0gcJCf8Ao7VqN5tD&t=875
computer,https://www.youtube.com/watch?v=Cu3R5it4cQs&t=123
computer,https://www.youtube.com/watch?v=CxGSnA-RTsA&pp=0gcJCf8Ao7VqN5tD&t=88
computer,"https://www.hp.com/gb-en/shop/tech-takes/input-output-devices#:~:text=Many%20modern%20devices%2C%20from%20smartphones%20to%20some,touch%20them)%20and%20output%20(displaying%20information)%20devices."
computer,https://www.computerhope.com/jargon/c/computer.htm
computer,https://www.youtube.com/watch?v=Cu3R5it4cQs&t=22
computer,"https://kids.britannica.com/kids/article/computer/352990#:~:text=A%20computer%20is%20a,from%20all%20over%20the%20world."
computer,https://www.youtube.com/watch?v=CxGSnA-RTsA&pp=0gcJCf8Ao7VqN5tD&t=450
computer,https://www.youtube.com/watch?v=CxGSnA-RTsA&pp=0gcJCf8Ao7VqN5tD&t=690
computer,https://www.webopedia.com/definitions/computer/
computer,https://www.youtube.com/watch?v=mCq8-xTH7jA&t=182
computer,https://www.computerhistory.org/timeline/computers/
computer,https://en.wikiversity.org/wiki/Computer_hardware_and_software
computer,https://en.wikipedia.org/wiki/Computer
computer,"https://www.britannica.com/technology/computer#:~:text=A%20computer%20is%20a%20machine,weighing%20more%20than%20300%20tons."
computer,https://greenwoodhigh.edu.in/computer-full-form-explained/#:~:text=These%20display%20the%20results%20from%20the%20computer.%20Examples%20include%20monitors%2C%20printers%2C%20and%20speakers.
software,https://m.youtube.com/watch?v=JuLKB--zOho&t=91
software,https://m.youtube.com/watch?v=JuLKB--zOho&t=619
software,https://www.computerhope.com/jargon/s/software.htm
software,https://www.techtarget.com/searchsoftwarequality/definition/application
software,"https://www.lenovo.com/gb/en/glossary/what-is-software/#:~:text=How%20is%20a%20software%20created,with%20them%20without%20any%20problems."
software,"https://learn.g2.com/best-presentation-software#:~:text=8%20Best%20Presentation%20Software%20I%20Use%20for,Workspace%2C%20%2D%20Google%20Workspace%20review%20Microsoft%20PowerPoint"
software,https://m.youtube.com/watch?v=JuLKB--zOho&t=1237
software,"https://www.techtarget.com/searchapparchitecture/definition/software#:~:text=Software%20is%20a%20set%20of,of%20software%20include%20the%20following:"
software,https://www.mtu.edu/cs/undergraduate/software/what/
software,https://m.youtube.com/watch?v=JuLKB--zOho&t=619s
software,"https://www.techtarget.com/searchapparchitecture/definition/software#:~:text=Software%20is%20a%20generic%20term,application%20software%20and%20system%20software."
software,"https://www.britannica.com/technology/software#:~:text=Software%20comprises%20the%20entire%20set,components%20of%20a%20computer%20system."
software,"https://www.opit.com/magazine/computer-science/#:~:text=System%20software%20%E2%80%93%20This%20software%20powers%20a,an%20operating%20system%20like%20Windows%20or%20Linux."
software,https://notes.bencuan.me/cs162/chapter-1-os-basics/
software,"https://www.computerhope.com/jargon/s/software.htm#:~:text=Sometimes%20abbreviated%20as%20SW%20and,links%20below%20for%20additional%20information."
software,"https://study.com/academy/lesson/software-programs-trends-issues.html#:~:text=They%20(%20A%20software%20program%20)%20manage,your%20favorite%20word%20processor%2C%20like%20Microsoft%20Word."
software,https://www.futurelearn.com/info/courses/computer-systems/0/steps/53500
software,"https://www.taclia.com/en/blog/what-is-software#:~:text=Application%20software%20is%20a%20program,Email%20managers."
software,https://m.youtube.com/watch?v=JuLKB--zOho&t=502
software,https://m.youtube.com/watch?v=JuLKB--zOho&t=834
software,"https://simple.wikipedia.org/wiki/Software_categories#:~:text=Application%20software%20may%20be%20multi%20purpose%20such,computer%20and%20it's%20other%20categories%20of%20software."
software,"https://www.scribd.com/document/420883188/Difference-Between-Software-and-Program#:~:text=Examples%20of%20%E2%80%9Capplication%20software%E2%80%9D%20are:%20Examples%20of,of%20the%20program.%20Linux%2C%20Unix%2C%20Mac%20etc."
software,https://www.techtarget.com/whatis/definition/script
software,https://m.youtube.com/watch?v=JuLKB--zOho&t=1041
software,"https://study.com/learn/lesson/computer-software-examples-types.html#:~:text=t%20using%20anymore.-,Lesson%20Summary,desktops%2C%20laptops%2C%20and%20smartphones."
software,"https://invozone.com/blog/types-of-application-software/#:~:text=Productivity%20software%2C%20such%20as%20Microsoft%20Office%20(Word%2C,creating%20and%20editing%20documents%2C%20spreadsheets%2C%20and%20presentations."
software,"https://www.monitoratec.com.br/blog/difference-between-hardware-software/#:~:text=Programming%20software%20Programming%20software%20refers%20to%20tools,well%20as%20hosting%20compilers%2C%20interpreters%2C%20and%20debuggers."
software,"https://www.tools4ever.com/connectors/#:~:text=Google%20Workspace%20Google%20Workspace%20(formerly%20GSuite)%20is,foundation%20of%20cloud%20applications%20for%20employees'%E2%80%A6%20Jira"
software,"https://www.webopedia.com/definitions/software/#:~:text=Software%20is%20a%20set%20of%20instructions%20or%20data%20that%20tells,scripts%2C%20or%20browsing%20the%20web."
software,https://www.techtarget.com/whatis/definition/system-software
software,https://www.simplilearn.com/tutorials/programming-tutorial/what-is-software
software,https://m.youtube.com/watch?v=JuLKB--zOho&t=1484
software,https://m.youtube.com/watch?v=JuLKB--zOho&t=761
software,"https://simple.wikipedia.org/wiki/Software#:~:text=The%20word%20software%20was%20first,Agile%20software%20processing%20design%20methods."
software,https://www.techtarget.com/searchapparchitecture/definition/software
software,https://in.indeed.com/career-advice/career-development/computer-software-examples
software,https://www.forbes.com/forbes/2009/1228/technology-google-apps-gmail-bing.html
software,https://m.youtube.com/watch?v=JuLKB--zOho&t=0
software,https://m.youtube.com/watch?v=JuLKB--zOho&t=384
software,https://www.startechup.com/blog/63-web-development-terminologies/#:~:text=The%20program%20you%20use%20to%20browse%20the%20Internet%20like%20Chrome%2C%20Firefox%2C%20or%20Safari.
software,https://en.wikipedia.org/wiki/History_of_software
software,https://m.youtube.com/watch?v=JuLKB--zOho&t=273
software,https://m.youtube.com/watch?v=JuLKB--zOho&t=565
software,"https://www.cybher.org/2024/08/09/software-vs-hardware/#:~:text=Application%20Software:%20Application%20software%20consists%20of%20programs,design%20tools%2C%20video%20games%2C%20and%20accounting%20software."
software,"https://unstop.com/blog/difference-between-hardware-and-software#:~:text=Video%20Games:%20Software%20designed%20for%20entertainment%2C%20such,like%20Fortnite%2C%20Minecraft%2C%20and%20Call%20of%20Duty."
software,"https://www.redhat.com/en/blog/sysadmins-libreoffice#:~:text=At%20some%20point%20in%20our%20lives%2C%20we,us%2C%20that%20software%20has%20been%20Microsoft%20Office."
software,https://en.wikipedia.org/wiki/Application_software
software,https://www.britannica.com/technology/software
software,"https://www.bbc.co.uk/bitesize/guides/zcg9kqt/revision/1#:~:text=Other%20software%2C%20such%20as%20games%2C%20word%20processors%2C,applications%20software%2C%20often%20abbreviated%20today%20as%20apps."
software,https://m.youtube.com/watch?v=JuLKB--zOho&t=1090
software,https://www.upgrad.com/blog/what-is-coding/#:~:text=Consider%20a%20mobile%20app%2C%20like%20Instagram.%20It%20combines%20various%20coding%20languages:
software,https://ciit.io/software-saas-explained-what-you-need-to-know-in-2025/
software,https://www.infinitygroup.co.uk/glossary/software/
software,https://en.wikipedia.org/wiki/Software_design
software,"https://elevatex.de/blog/it-insights/regular-vs-embedded-software-development/#:~:text=Web%20Browsers:%20Browsers%20like%20Chrome%2C%20Firefox%2C%20and,regular%20software%20applications%20used%20on%20different%20devices."
software,"https://www.lenovo.com/us/en/glossary/operating-system/#:~:text=How%20does%20an%20operating%20system%20manage%20devices?,standard%20interface%20for%20applications%20to%20access%20them."
software,https://m.youtube.com/watch?v=JuLKB--zOho&t=918
software,https://www.webopedia.com/definitions/software/
software,https://m.youtube.com/watch?v=JuLKB--zOho&t=259
software,https://m.youtube.com/watch?v=JuLKB--zOho&t=1320
software,https://en.wikipedia.org/wiki/Software_development
software,https://en.wikipedia.org/wiki/Software
software,"https://study.com/learn/lesson/computer-software-examples-types.html#:~:text=For%20mobile%20devices%2C%20an%20example%20of%20application,and%20you%20are%20able%20to%20use%20it."
software,"https://www.futurelearn.com/info/courses/computer-systems/0/steps/53500#:~:text=Software%20is%20used%20to%20control,utility%20software%2C%20and%20application%20software."
software,https://m.youtube.com/watch?v=JuLKB--zOho&t=426
software,https://www.software.com/
software,https://m.youtube.com/watch?v=JuLKB--zOho&t=558
software,https://m.youtube.com/watch?v=JuLKB--zOho&t=224
mobile,"https://www.dictionary.com/browse/mobile#:~:text=capable%20of%20moving%20or%20being,a%20mobile%20library."
mobile,https://www.youtube.com/watch?v=dzSAfL0EDgc&t=0
mobile,https://priceoye.pk/mobiles/xiaomi
mobile,https://sparx.pk/?srsltid=AfmBOooi6QKG6ZKTLVxD-OA8iP-LsjosUqsl0A-AaJJlV4D28PI-PrdC
mobile,https://www.youtube.com/watch?v=dzSAfL0EDgc&t=395
mobile,https://www.tecno-mobile.com/pak/
mobile,https://www.linkedin.com/pulse/choosing-perfect-mobile-phone-pakistan-comprehensive-buying-guide-svicf
mobile,https://www.youtube.com/watch?v=dzSAfL0EDgc&t=502
mobile,https://lapntabmart.pk/product-category/mobile-phones/oppo/
mobile,https://priceoye.pk/mobiles/pricelist/best-mobiles-of-2025
mobile,https://priceoye.pk/mobiles/pricelist/best-mobiles-under-60000
mobile,"https://priceoye.pk/mobiles#:~:text=Find%20the%20Latest%20Mobile%20Prices,Rs%2052%2C699"
mobile,https://www.whatmobile.com.pk/
mobile,https://telemart.pk/mobile-and-tablets.html
mobile,https://www.whatmobile.com.pk/0_to_150001_mobiles
mobile,https://www.youtube.com/watch?v=dzSAfL0EDgc&t=235
mobile,https://priceoye.pk/mobiles?srsltid=AfmBOopz4GemDJolk8YnQnqCWoF_YuljQpkwEd5aTlXZy0l1PA9Ec3ih
mobile,https://www.youtube.com/watch?v=dzSAfL0EDgc&t=136
mobile,https://www.ineedamobile.com/
mobile,"https://propakistani.pk/price/40000-to-50000-mobiles/#:~:text=From%2040000%20to%2050000%20Mobile,128MB%20(10)"
mobile,https://priceoye.pk/mobiles?srsltid=AfmBOoodloXuQfmJtG-w161SmLhJWe3ZI8Ay1zCcSSQ2jAHxEMW2GoES
mobile,https://www.whatmobile.com.pk/Vivo_Mobiles_Prices
mobile,https://www.youtube.com/watch?v=Tr-Ma2MoQnI&pp=0gcJCfwAo7VqN5tD
mobile,"https://m.youtube.com/watch?v=xf0XroB7ftE&pp=0gcJCcMJAYcqIYzv#:~:text=Looking%20for%20the%20best%20used%20mobile%20phones,Tecno%2C%20Infinix%2C%20and%20OPPO%20mobiles%20in%20this"
mobile,https://www.youtube.com/watch?v=dzSAfL0EDgc&t=70
mobile,https://www.winstore.pk/products/samsung-galaxy-a53-5g-128gb-mobile-phone
mobile,https://www.oneplus.in/store/phone
mobile,https://priceoye.pk/mobiles/samsung
mobile,https://www.whatmobile.com.pk/Samsung_Mobiles_Prices
mobile,https://priceoye.pk/mobiles-accessories
mobile,https://priceoye.pk/mobiles/pricelist/best-mobiles-under-15000
mobile,https://priceoye.pk/mobiles/pricelist/best-mobiles-under-40000
mobile,https://propakistani.pk/price/
mobile,https://priceoye.pk/mobiles/pricelist/best-mobiles-under-50000
mobile,https://szconnectech.en.made-in-china.com/product/mOpGQYuKTDtR/China-Xs16-PRO-Android-Mobile-Cellphone3-Inch-2000mAh-4-128GB-4G-LTE-Mini-Smartphone.html
mobile,https://qistbazaar.pk/product-category/mobiles?srsltid=AfmBOoq0E78bkZzbP1YG4F2eq3HESt8l9-TZ7qHwCa3QUYLlfFpWUFbH
mobile,https://priceoye.pk/mobiles/pricelist/best-mobiles-under-30000
mobile,https://www.youtube.com/watch?v=4RSaKrX6Ho0
mobile,https://www.youtube.com/watch?v=dzSAfL0EDgc
mobile,https://www.whatmobile.com.pk/Price-List-Of-All-4G_Mobile-Phones
mobile,https://mymart.pk/collections/mobile-phones
