Keyword,Sponsored URL
hosting,https://aws.amazon.com/ec2/?trk=80c137f7-7e39-4c7a-b481-96610db15b91&sc_channel=ps
hosting,https://aws.amazon.com/free/webapps/
hosting,https://hostbreak.com/
hosting,https://hostbreak.com/hosting-coupons/
hosting,https://hostbreak.com/web-hosting/wordpress-hosting/
hosting,https://ishosting.com/en
hosting,https://ishosting.com/en#special_offers
hosting,https://ishosting.com/en/vps/#plans
hosting,https://ishosting.com/en/vps/asia
hosting,https://www.hostinger.com/pk/domain-name-search
hosting,https://www.hostinger.com/pk/free-domain
hosting,https://www.hostinger.com/pk/vps-hosting
hosting,https://www.hostinger.com/pk/web-hosting
hosting,https://www.hostinger.com/web-hosting
hosting,https://www.top10.com/hosting/cheaphosting-comparison
hosting,https://www.top10.com/hosting/choosing-between-vps-and-shared-hosting
hosting,https://www.top10.com/hosting/comparison
hosting,https://www.top10.com/hosting/domainhosting-comparison
ads,https://monetag.com/
ads,https://shown.io/google-ads
ads,https://www.omneky.com/
